<?xml version="1.0" encoding="UTF-8" standalone="yes"?>
<Widgets>
	<Widget STEP_ID="e813067056" TYPE="COMPARE">
		<Property>
            <Name>ID</Name>
            <Value>w775706316</Value>
        </Property>
        <Property>
            <Name>rowcount</Name>
            <Value>0</Value>
        </Property>
	</Widget>
	
</Widgets>

<!-- This oracle is to detect whether the row count value of the scrollable panel in "System settings" is 0, which means that the task with empty description should not be created.-->
